Card Number,Name,Age
2360870160342161,, 
4966575087181020,, 
2836996267348266,, 
5539328606652179,, 
0993755230042035,, 
8821491318413200,, 
6835760905033599,, 
1682200004184550,, 
9270613123053208,, 
7084054246868173,, 
1017248687691189,, 
9506825670214673,, 
8177139070097008,, 
0111939019030396,, 
3551125219407465,, 
7187895552957649,, 
0555139525956284,, 
6962690494263524,, 
3058935977437353,, 
2036100018441482,, 
1728652095832091,, 
2768826934779325,, 
9977410348092514,, 
2360655304901113,, 
4294026633017338,, 
6158704813508842,, 
2042587237919117,, 
1173216085658682,, 
6582537289564743,, 
7538159597521290,, 
1865797952356125,, 
4538184271209910,, 
7058206102714399,, 
0937648241969268,, 
2631112989511938,, 
0973522410170778,, 
5983585875077074,, 
7606279745936135,, 
8016377213968525,, 
7154647322530203,, 
6099189648303180,, 
8718170610470572,, 
8046353053545675,, 
2910460044654002,, 
1917754076549490,, 
0610836846264077,, 
6693741734297705,, 
6723904864519758,, 
1605721590813202,, 
9088682139504051,, 
6199215020997036,, 
7346872719686519,, 
6642667371331202,, 
7421873680284792,, 
9630201620450417,, 
1664786305779936,, 
9902375943086224,, 
6968029915948951,, 
1818601910473536,, 
0360440376609455,, 
3676921533495041,, 
9116677084011652,, 
6788052164233185,, 
8853520206595542,, 
2561321573937159,, 
1527093461392731,, 
4999876076202167,, 
6178548318352512,, 
1970329985959859,, 
5414704509755362,, 
0431846243758420,, 
2180371199330453,, 
0685445463112521,, 
4219189219208438,, 
4160391363270148,, 
8330262923139226,, 
7788056415460131,, 
3627070658492205,, 
4546933499840114,, 
8125422373465091,, 
5643604030957765,, 
4129430017261676,, 
1921499553699003,, 
0761629919385395,, 
2967230257576243,, 
3901934135626729,, 
9404457882704038,, 
8094091299852100,, 
4042546347700184,, 
7460874706065951,, 
5667541729393329,, 
6186236092223003,, 
7546738963529565,, 
9049637931527715,, 
0091130503728401,, 
2833467081305720,, 
1707546216148390,, 
7459246879622755,, 
1580041749786104,, 
7109197587358304,, 
1141299508042134,, 
7337405555889374,, 
9402469086787992,, 
1800133967620118,, 
3362459222024619,, 
2502743359855670,, 
9711560413162378,, 
8913970414382134,, 
8046815503154518,, 
9749575444349828,, 
3084164257482465,, 
5571293657426090,, 
2372673638629472,, 
1660802762535294,, 
6371234829454364,, 
1097744905700526,, 
3512344820056937,, 
0837884803066657,, 
3129816303881277,, 
1014765796096250,, 
3200333658846306,, 
0860803175086158,, 
5781917088501782,, 
3593196955757070,, 
9999992661008912,, 
8930179190348869,, 
0236804952072086,, 
2119305982900656,, 
0674874707016123,, 
7238595107973778,, 
3250033611187187,, 
0499744354570502,, 
6432074572815022,, 
7406101984660667,, 
7034203628071972,, 
7705374183015944,, 
3406895482703426,, 
4001170912581538,, 
3573680234564453,, 
1957953169600108,, 
5507120147643891,, 
5729204079391067,, 
3761502331830052,, 
5343200391324013,, 
8619017338251100,, 
3018619182638695,, 
1910910005614388,, 
8538691136374757,, 
6045250008600227,, 
6939596057838940,, 
4473154053251783,, 
9763657087116630,, 
9713821537705852,, 
2604424509092745,, 
4473160636742512,, 
0111355153020801,, 
7944200477641114,, 
3835125377781895,, 
4089250804090448,, 
6189911978208113,, 
6926020735398323,, 
6562764705615485,, 
7103734048693706,, 
8566590052739743,, 
9715036835576377,, 
8272201431936160,, 
8401696046350031,, 
4502138376064789,, 
0326184417675646,, 
4003504790870004,, 
1584505551205846,, 
4808950861184392,, 
1556596951783386,, 
3835632581243853,, 
0179160786600180,, 
2776812667549002,, 
8303295267290697,, 
4980720511726270,, 
2147193247036867,, 
7387542412655760,, 
4539301322668969,, 
0489228979656589,, 
7820615312496573,, 
2310940359774616,, 
9147210621403365,, 
0720659780133875,, 
6721820252231403,, 
3848036904162641,, 
2079656465735221,, 
6533768217002142,, 
1797894378728219,, 
3948060295062086,, 
6408568078706784,, 
5473180577927333,, 
4998497628112490,, 
0652585415049381,, 
8310330845203559,, 
6303882028117046,, 
1151409596702671,, 
4464608782081828,, 
9141053915961995,, 
2871001087038395,, 
9681493021270286,, 
9945774154230827,, 
1542914221202343,, 
6906022771737465,, 
5414885802743276,, 
7152019863730584,, 
5040251359160965,, 
9873166795116307,, 
4867904755351453,, 
9623941889965569,, 
2774041635195700,, 
1401694714988806,, 
8063565631415562,, 
3046765965862534,, 
3266624681484472,, 
6294676649243926,, 
2056013706065177,, 
9241413043250342,, 
6331179630140383,, 
1074443015470119,, 
6308651157862419,, 
0613782967686240,, 
2676552187111186,, 
3176209205662922,, 
5232615575554718,, 
2881969163409991,, 
9099075606943755,, 
8178968041154765,, 
4189103220255572,, 
8346841004060506,, 
3709270946833034,, 
2121098751912900,, 
0401768334584632,, 
5787129407128369,, 
1451906663639886,, 
7089594941014883,, 
7933483382733101,, 
0297030050563512,, 
4427733324306104,, 
1273852948270119,, 
5111587417416421,, 
4609944282089641,, 
0414573016955274,, 
4070006012840856,, 
0392074441094547,, 
5435430264403197,, 
4292213101345678,, 
0864721020196823,, 
4850470164880789,, 
0516456317345148,, 
5149205579770915,, 
5699645366577533,, 
9258246019394417,, 
5598931254387560,, 
9510845317087384,, 
5031881157522529,, 
3188807256299371,, 
2495166363677830,, 
4798267657343295,, 
8610437163467570,, 
2124937243454925,, 
0898406577100851,, 
7282577008278828,, 
4083462950850414,, 
2093495408851464,, 
0207307318191104,, 
4424921854215782,, 
8715286506099558,, 
9374015230531346,, 
1656486743002317,, 
7110826020985837,, 
3614868085959796,, 
0614423754639982,, 
5072068121647694,, 
6037911240818355,, 
1387962865892862,, 
2095201101750846,, 
7958231037899269,, 
7195807718609006,, 
2466294377106510,, 
0093464674680418,, 
4601172870861019,, 
2259646117054520,, 
9699631026084496,, 
8419581127985100,, 
9740588754480083,, 
6042130922381461,, 
4979306553697182,, 
0185649216800642,, 
5113637608121642,, 
5378841070089983,, 
3136315149278543,, 
1692410288366815,, 
9346649403916301,, 
1490215901779971,, 
0667090381016066,, 
7776500453141671,, 
6484840679528420,, 
9212135717973465,, 
2479067826923894,, 
9044165598421909,, 
7147193215472010,, 
6584799012046095,, 
5220203166166684,, 
4759016291722483,, 
6673635741279207,, 
0005110530090500,, 
1120052860110589,, 
7473057843220390,, 
3539896112140678,, 
9120908114548095,, 
5503155902019976,, 
6526149520777349,, 
1047365288278541,, 
3041172090008073,, 
9910069568151310,, 
1562045114266816,, 
4304534227986835,, 
3647418061939706,, 
8189485145024805,, 
6029497273089127,, 
8880228607963174,, 
0577947435701274,, 
7071141379121988,, 
5443852338495841,, 
9004907250267905,, 
8729905430777248,, 
4999612202744745,, 
3142836456868022,, 
6735140407307798,, 
1522356868242067,, 
0080166788962394,, 
5037907097318477,, 
6229814116922698,, 
0600992728787833,, 
9478310039104287,, 
6974036777427398,, 
0935437207145911,, 
5559249835710421,, 
6636025030162528,, 
4843801711911377,, 
3111875684834694,, 
2055743998142317,, 
6146020183956132,, 
1865940289613742,, 
7853685548222088,, 
5848517819411048,, 
2741202816633742,, 
7988640990487263,, 
9831089339129563,, 
6669355814892404,, 
2835070262933741,, 
3720315856463282,, 
7737854356862067,, 
4065472567767695,, 
1342527388698899,, 
7179166060454033,, 
9693781887173868,, 
2533580595915515,, 
6287861981499008,, 
4934818881006490,, 
0995583262906681,, 
7704580778246123,, 
1314239449313176,, 
2920650503270267,, 
2493403352705120,, 
0417695371432542,, 
2123268165250328,, 
3493175371150098,, 
0575172826335214,, 
9632695635491587,, 
1002229219747336,, 
5852594182903192,, 
6888487022797071,, 
9231245005030090,, 
9671512667412550,, 
9638146811293081,, 
4631500343001651,, 
1514306921106183,, 
8262103323767025,, 
6529008197860080,, 
9748840107405260,, 
5977802814816380,, 
3576074452037444,, 
8318838695294595,, 
0037418147033459,, 
4656302108838988,, 
9688883057422253,, 
3149111900418112,, 
9645565735122854,, 
7615902162821834,, 
7588913812792718,, 
8040646050058886,, 
5870133795264685,, 
7356209197171778,, 
7987156986819517,, 
5050330876326110,, 
6926636928017026,, 
3717034484735254,, 
9167108707337843,, 
1015884711480498,, 
1949406307700134,, 
1082942255219503,, 
2144698055972183,, 
5205031354700310,, 
3225289396183682,, 
2582201420556000,, 
0228803752146190,, 
0850755114116789,, 
5003737517051035,, 
0930909834682197,, 
5795420321642783,, 
1379692308512253,, 
4670252454514005,, 
0831008795679137,, 
0847168747529907,, 
1446462429822444,, 
9210455803731471,, 
4398191917661997,, 
2187191942301678,, 
4147015256780117,, 
8409436101249826,, 
9086354018942031,, 
8899671664603223,, 
9764193152160075,, 
4645130319516939,, 
4177145944802740,, 
2461716491607101,, 
6455358680425924,, 
5061158780029215,, 
7443504512081128,, 
8384132756080160,, 
5892808886030049,, 
1774737454635735,, 
9990663898961542,, 
7840198681507935,, 
0833566098523022,, 
4408180395814057,, 
0704533197270527,, 
0725510906008524,, 
9080502057706965,, 
2981694319959224,, 
9024763627560577,, 
3760805508902728,, 
3003924212103755,, 
0877421847607037,, 
3330795518046645,, 
6707040179801353,, 
2656316458305002,, 
7498122262342600,, 
1440720018348975,, 
6206610094442359,, 
2735319400237951,, 
8481226233242416,, 
2845281519269351,, 
0388296509562706,, 
7517501141537528,, 
2235344995516033,, 
9093452443389965,, 
4148262808395664,, 
7839512333837490,, 
5508839391681539,, 
0062046993809751,, 
4030559667287607,, 
2997490062834412,, 
4351945625533093,, 
4535044060981569,, 
4058190914893395,, 
0439427842429724,, 
9633824134952597,, 
7067990600435061,, 
0493971181059194,, 
9414072630588878,, 
2221503294235367,, 
5138365985761427,, 
5428749986505260,, 
0203371105659302,, 
9736020211814255,, 
0501850609067806,, 
1587001207975289,, 
2541865662287046,, 
1459378881851223,, 
5712400322365112,, 
1148111529579242,, 
7170057456868679,, 
8061046903390442,, 
3715193780117236,, 
9780220495721069,, 
6349385395567421,, 
5603875360137718,, 
4122652828722417,, 
3825146139113868,, 
1971196792718026,, 
1322707278607416,, 
5059671083038145,, 
0585086135963882,, 
2591733202981879,, 
7091748037947042,, 
8342154097152072,, 
2498772757907111,, 
3352757517975315,, 
9804014996149768,, 
8193969310771802,, 
5963117293623484,, 
2915337198413991,, 
6314594733631699,, 
5336203169437895,, 
0530011797685877,, 
2902407467818117,, 
4263574737035834,, 
6031324475091024,, 
3476036987070507,, 
8095990221610564,, 
4384668716538871,, 
6693431104092572,, 
4125610286853060,, 
8315068307390384,, 
8883317177586204,, 
9800047198629361,, 
8420090275917839,, 
4399011450759357,, 
5048907780206075,, 
4993458328757574,, 
4763722820707685,, 
0635762866705458,, 
4606032605425302,, 
0132918507209541,, 
9867291911607967,, 
8443962449777403,, 
6851411909713313,, 
2014346013159133,, 
5063147223683805,, 
7859286712828392,, 
8749409174138186,, 
1597206633291930,, 
1951223261157408,, 
0156651326199161,, 
4930281625950043,, 
0357875124929375,, 
8813901077306436,, 
9155535800986938,, 
9091703740903676,, 
9042309605513153,, 
9192810279406414,, 
3638147247945074,, 
2064645018983901,, 
3289903692525649,, 
8035275000446166,, 
6703220281341337,, 
2323017610876025,, 
4713277555052055,, 
6361630706644512,, 
6975331634441104,, 
8996672625214856,, 
8950951761914747,, 
6112394023021064,, 
1852237607941905,, 
9063112736735045,, 
0782557077696854,, 
1582895637342955,, 
6693998088167825,, 
0532317382105023,, 
5714890832196079,, 
8630384134635725,, 
8594874377951527,, 
2230196506042399,, 
2514518687011272,, 
2457879785205755,, 
2176407509512510,, 
8834771837239916,, 
0988254192615536,, 
9985041110295010,, 
5157414356199514,, 
8273050469836661,, 
9575349129355622,, 
0629608255688627,, 
3279015829760328,, 
0973491971119537,, 
5383098976939016,, 
9118992524882625,, 
2302470614769874,, 
8432353833439581,, 
3194122940022023,, 
5796839465531082,, 
0657084993062390,, 
5946412508834680,, 
7635240914653228,, 
5883086998517649,, 
3349763862303018,, 
5097150967414460,, 
1958931328995800,, 
3691184167670312,, 
9264288530582653,, 
2121956057222827,, 
1673391869081926,, 
0898756531148728,, 
7141963544179119,, 
0573726609678653,, 
2533477838030845,, 
2345833400595548,, 
4328662062202195,, 
5251116766260738,, 
2000137601015868,, 
4011906427607206,, 
5630526261118811,, 
6530721286851117,, 
7359132448015983,, 
1071301268836148,, 
8747016800184719,, 
3449361350835526,, 
4715675855479518,, 
2703108159035369,, 
1888987029931207,, 
3669816442886642,, 
1145316293425724,, 
4076240817649420,, 
3479838082982115,, 
7329071089166875,, 
6034422574564606,, 
7891913405466727,, 
7264049614693617,, 
2593411989465811,, 
5330623580793145,, 
4960803867585246,, 
4418074225030357,, 
1994960948495706,, 
0333406743478477,, 
0269026752998160,, 
8912969635567378,, 
0617857267312081,, 
8521285931325545,, 
4015195876215752,, 
2175297315749279,, 
5333229905356470,, 
4196352869502593,, 
6900818564610847,, 
6361885578526413,, 
8721491603889817,, 
8688538244282059,, 
7171150809866881,, 
6671441371576542,, 
5244534224844474,, 
5132608120862304,, 
3729561119043170,, 
3980944364469078,, 
8952035165621655,, 
5892271686911727,, 
0427823681541631,, 
2509120436592710,, 
4441015723110024,, 
3069490960169187,, 
1378878664307780,, 
1247304680588504,, 
8455550616174259,, 
6693246159494100,, 
3919764547461267,, 
3635199853366264,, 
7633803123322454,, 
3064691562719168,, 
3199268509291683,, 
6052219073781503,, 
8200643198631716,, 
0461342347398945,, 
7857316529481981,, 
9255696101849179,, 
9093390234594290,, 
8742490499468375,, 
6262313473045061,, 
5009546411537278,, 
9658303100839029,, 
9992645473826494,, 
2633764160565602,, 
2243888945856147,, 
6890311251914606,, 
6041398363767862,, 
9559787684843407,, 
4859069326284133,, 
5546321337646875,, 
2188595361819660,, 
5802533275310725,, 
4233051031209000,, 
5614286889178373,, 
1306300163348516,, 
6336683405278635,, 
5750189461941125,, 
9309617363422315,, 
8591802255869790,, 
2219774019295728,, 
9514449479394411,, 
8827320459972277,, 
0519748517783903,, 
1828928200100732,, 
6636789117248837,, 
6782476441789661,, 
6728071581070402,, 
4618771190206869,, 
7061611893052870,, 
4877393054355329,, 
1889641004823596,, 
5388721879209364,, 
4485576536016049,, 
4192585027339596,, 
9263963591672143,, 
1721170908419404,, 
9117375976047822,, 
8141905401297254,, 
6487943200481807,, 
0169478811098183,, 
7025445115163102,, 
1992730300754640,, 
4210300803602530,, 
1003867327614781,, 
4084037194272440,, 
9330238088734301,, 
6833747761851552,, 
6334274074978197,, 
5612314592561046,, 
0633508619786595,, 
4707133079228384,, 
6203580685500948,, 
2749579685607773,, 
7304023709341814,, 
6113039197018181,, 
9824085167718605,, 
4905263268630006,, 
1548586484983055,, 
4562338819215283,, 
6461684682875120,, 
1490767480295963,, 
6148757974798407,, 
2690441703841333,, 
3215915156651330,, 
6825335427076371,, 
9042867357105535,, 
6610033353625677,, 
0412510812035729,, 
9574346192006823,, 
8012425244198065,, 
1741501400207963,, 
1356152505118721,, 
6053412826943189,, 
7901765090567202,, 
0672003405096370,, 
0206196521097530,, 
8211152951091019,, 
1100473215728804,, 
5030934505484904,, 
5041151499627214,, 
3248075333003378,, 
9750000380439530,, 
9421935772140914,, 
4953853310357926,, 
7849245186082102,, 
4964432497099769,, 
5672270539524587,, 
7226273517795698,, 
2159172182847498,, 
2815170188128659,, 
2344610638928555,, 
7769437715946808,, 
0426188649342741,, 
6414348656224309,, 
3256570895482031,, 
6523940359545317,, 
0629220054433050,, 
8046225348676282,, 
4649809698445960,, 
0023458043110703,, 
4147159150042169,, 
4096548974388086,, 
1825904965280246,, 
9767602651209546,, 
6240091276110152,, 
5622215515118401,, 
3148747933897144,, 
3651355718234842,, 
9795066485200551,, 
9443996071881891,, 
0114166930500959,, 
0587476146287034,, 
0704162674470534,, 
8931128346740409,, 
9114975121494371,, 
2602274922067622,, 
6993519298178437,, 
5665061183712649,, 
1047751633048100,, 
8409017416417239,, 
2239823305600865,, 
7872513505039858,, 
5861455738659114,, 
5595137684653248,, 
7903779749055510,, 
6419306429126719,, 
4614844120613615,, 
2262514210995785,, 
8488220536745743,, 
9170802612578727,, 
2705182427215812,, 
3046402116046163,, 
4688409381277729,, 
8889507244797665,, 
6272210585048834,, 
6302577267914276,, 
1090004695641100,, 
4499764326036869,, 
3004176234159518,, 
2638241848253751,, 
0184374281040174,, 
2724074167116651,, 
9577972475083369,, 
3097036095887686,, 
1147144604744879,, 
5500630860815455,, 
4272547761321328,, 
6363595410484516,, 
0164336073929276,, 
5578507124934091,, 
4656190681387828,, 
1747729430021171,, 
4321152563396778,, 
4857091876696181,, 
0954203972272777,, 
6241099349588893,, 
4074477893373001,, 
8642876642927003,, 
9226940472191871,, 
7091001641585031,, 
1156818976841156,, 
2412132230511109,, 
3043827738442562,, 
4939163110003441,, 
1843799506907008,, 
9753496805916045,, 
7569502131061848,, 
2497161058718603,, 
4072286456442856,, 
3295096135310939,, 
1289264846280003,, 
9417986944653251,, 
1607103094156854,, 
8153654650030718,, 
5906645599169606,, 
7302501389811837,, 
4890709331967915,, 
3111614488707653,, 
4980148912117000,, 
0746136568164153,, 
5117809093365569,, 
4295461807941529,, 
9678936478484757,, 
7229716214103532,, 
5903510807530706,, 
9669002994223725,, 
8639819915526696,, 
2884311773328471,, 
5115790506483663,, 
5389948923687053,, 
7016806907252609,, 
4400820053279976,, 
5548780223767221,, 
3928491783056521,, 
4193894116941453,, 
5798512604063620,, 
2789354160218811,, 
2321708491554241,, 
1349063824143612,, 
7152554680913514,, 
3509231310695686,, 
3783105092603775,, 
6082237416250113,, 
7604469880211959,, 
1040231013196299,, 
5393497690720404,, 
2262407847785436,, 
2823279207301646,, 
5689986005992633,, 
6900734758717747,, 
2180443101310752,, 
9468046503063472,, 
0392558618017770,, 
0807201399656976,, 
2089523511121219,, 
3443158501200504,, 
7616731191374878,, 
1073797285079180,, 
3966766894494635,, 
2893942714310718,, 
9090917524034984,, 
5408635568215573,, 
4342546829978090,, 
8647862802379352,, 
